path_idx,path,symbol,price,volume
0,"start -> def place_buy_order -> Expr -> if not symbol or not isinstance(symbol, str) -> return",FPT,100,10
1,"start -> def place_buy_order -> Expr -> if not symbol or not isinstance(symbol, str) -> if price <= 0 -> return",VIC,0,0
2,"start -> def place_buy_order -> Expr -> if not symbol or not isinstance(symbol, str) -> if price <= 0 -> if volume <= 0 -> return",FPT,1,0
3,"start -> def place_buy_order -> Expr -> if not symbol or not isinstance(symbol, str) -> if price <= 0 -> if volume <= 0 -> if price > 1000000 -> return",FPT,1000001,1
4,"start -> def place_buy_order -> Expr -> if not symbol or not isinstance(symbol, str) -> if price <= 0 -> if volume <= 0 -> if price > 1000000 -> if volume > 1000000 -> return",FPT,1,1000001
5,"start -> def place_buy_order -> Expr -> if not symbol or not isinstance(symbol, str) -> if price <= 0 -> if volume <= 0 -> if price > 1000000 -> if volume > 1000000 -> return",VCB,1,1000001
6,"start -> def place_buy_order -> Expr -> if not symbol or not isinstance(symbol, str) -> if price <= 0 -> if volume <= 0 -> if price > 1000000 -> if volume > 1000000 -> return",VNM,1,1000001
7,"start -> def place_buy_order -> Expr -> if not symbol or not isinstance(symbol, str) -> if price <= 0 -> if volume <= 0 -> if price > 1000000 -> if volume > 1000000 -> return",VIC,1,1000001
8,"start -> def place_buy_order -> Expr -> if not symbol or not isinstance(symbol, str) -> if price <= 0 -> if volume <= 0 -> if price > 1000000 -> return",VIC,1000001,1
9,"start -> def place_buy_order -> Expr -> if not symbol or not isinstance(symbol, str) -> if price <= 0 -> if volume <= 0 -> if price > 1000000 -> if volume > 1000000 -> return",FPT,1,1000001
10,"start -> def place_buy_order -> Expr -> if not symbol or not isinstance(symbol, str) -> if price <= 0 -> if volume <= 0 -> if price > 1000000 -> if volume > 1000000 -> return",VCB,1,1000001
11,"start -> def place_buy_order -> Expr -> if not symbol or not isinstance(symbol, str) -> if price <= 0 -> if volume <= 0 -> if price > 1000000 -> if volume > 1000000 -> return",VIC,1,1000001
12,"start -> def place_buy_order -> Expr -> if not symbol or not isinstance(symbol, str) -> if price <= 0 -> if volume <= 0 -> if price > 1000000 -> if volume > 1000000 -> return",FPT,1,1000001
13,"start -> def place_buy_order -> Expr -> if not symbol or not isinstance(symbol, str) -> if price <= 0 -> if volume <= 0 -> return",VNM,1,0
14,"start -> def place_buy_order -> Expr -> if not symbol or not isinstance(symbol, str) -> if price <= 0 -> if volume <= 0 -> if price > 1000000 -> return",VCB,1000001,1
15,"start -> def place_buy_order -> Expr -> if not symbol or not isinstance(symbol, str) -> if price <= 0 -> if volume <= 0 -> if price > 1000000 -> if volume > 1000000 -> return",VCB,1,1000001
16,"start -> def place_buy_order -> Expr -> if not symbol or not isinstance(symbol, str) -> if price <= 0 -> if volume <= 0 -> if price > 1000000 -> if volume > 1000000 -> return",VNM,1,1000001
17,"start -> def place_buy_order -> Expr -> if not symbol or not isinstance(symbol, str) -> if price <= 0 -> if volume <= 0 -> if price > 1000000 -> if volume > 1000000 -> return",VNM,1,1000001
18,"start -> def place_buy_order -> Expr -> if not symbol or not isinstance(symbol, str) -> if price <= 0 -> if volume <= 0 -> if price > 1000000 -> if volume > 1000000 -> return",FPT,1,1000001
19,"start -> def place_buy_order -> Expr -> if not symbol or not isinstance(symbol, str) -> if price <= 0 -> if volume <= 0 -> if price > 1000000 -> return",VCB,1000001,1
20,"start -> def place_buy_order -> Expr -> if not symbol or not isinstance(symbol, str) -> if price <= 0 -> if volume <= 0 -> if price > 1000000 -> if volume > 1000000 -> return",FPT,1,1000001
21,"start -> def place_buy_order -> Expr -> if not symbol or not isinstance(symbol, str) -> if price <= 0 -> if volume <= 0 -> if price > 1000000 -> if volume > 1000000 -> return",VIC,1,1000001
22,"start -> def place_buy_order -> Expr -> if not symbol or not isinstance(symbol, str) -> if price <= 0 -> if volume <= 0 -> if price > 1000000 -> if volume > 1000000 -> return",VNM,1,1000001
23,"start -> def place_buy_order -> Expr -> if not symbol or not isinstance(symbol, str) -> if price <= 0 -> if volume <= 0 -> if price > 1000000 -> if volume > 1000000 -> return",VNM,1,1000001
24,"start -> def place_buy_order -> Expr -> if not symbol or not isinstance(symbol, str) -> if price <= 0 -> return",VNM,0,0
25,"start -> def place_buy_order -> Expr -> if not symbol or not isinstance(symbol, str) -> if price <= 0 -> if volume <= 0 -> return",VIC,1,0
26,"start -> def place_buy_order -> Expr -> if not symbol or not isinstance(symbol, str) -> if price <= 0 -> if volume <= 0 -> if price > 1000000 -> return",FPT,1000001,1
27,"start -> def place_buy_order -> Expr -> if not symbol or not isinstance(symbol, str) -> if price <= 0 -> if volume <= 0 -> if price > 1000000 -> if volume > 1000000 -> return",VCB,1,1000001
28,"start -> def place_buy_order -> Expr -> if not symbol or not isinstance(symbol, str) -> if price <= 0 -> if volume <= 0 -> if price > 1000000 -> if volume > 1000000 -> return",FPT,1,1000001
29,"start -> def place_buy_order -> Expr -> if not symbol or not isinstance(symbol, str) -> if price <= 0 -> if volume <= 0 -> if price > 1000000 -> if volume > 1000000 -> return",VNM,1,1000001
30,"start -> def place_buy_order -> Expr -> if not symbol or not isinstance(symbol, str) -> if price <= 0 -> if volume <= 0 -> if price > 1000000 -> if volume > 1000000 -> return",VCB,1,1000001
31,"start -> def place_buy_order -> Expr -> if not symbol or not isinstance(symbol, str) -> if price <= 0 -> if volume <= 0 -> if price > 1000000 -> return",VIC,1000001,1
32,"start -> def place_buy_order -> Expr -> if not symbol or not isinstance(symbol, str) -> if price <= 0 -> if volume <= 0 -> if price > 1000000 -> if volume > 1000000 -> return",FPT,1,1000001
33,"start -> def place_buy_order -> Expr -> if not symbol or not isinstance(symbol, str) -> if price <= 0 -> if volume <= 0 -> if price > 1000000 -> if volume > 1000000 -> return",VCB,1,1000001
34,"start -> def place_buy_order -> Expr -> if not symbol or not isinstance(symbol, str) -> if price <= 0 -> if volume <= 0 -> if price > 1000000 -> if volume > 1000000 -> return",VCB,1,1000001
35,"start -> def place_buy_order -> Expr -> if not symbol or not isinstance(symbol, str) -> if price <= 0 -> if volume <= 0 -> if price > 1000000 -> if volume > 1000000 -> return",FPT,1,1000001
36,"start -> def place_buy_order -> Expr -> if not symbol or not isinstance(symbol, str) -> if price <= 0 -> if volume <= 0 -> return",VCB,1,0
37,"start -> def place_buy_order -> Expr -> if not symbol or not isinstance(symbol, str) -> if price <= 0 -> if volume <= 0 -> if price > 1000000 -> return",FPT,1000001,1
38,"start -> def place_buy_order -> Expr -> if not symbol or not isinstance(symbol, str) -> if price <= 0 -> if volume <= 0 -> if price > 1000000 -> if volume > 1000000 -> return",FPT,1,1000001
39,"start -> def place_buy_order -> Expr -> if not symbol or not isinstance(symbol, str) -> if price <= 0 -> if volume <= 0 -> if price > 1000000 -> if volume > 1000000 -> return",VCB,1,1000001
40,"start -> def place_buy_order -> Expr -> if not symbol or not isinstance(symbol, str) -> if price <= 0 -> if volume <= 0 -> if price > 1000000 -> if volume > 1000000 -> return",VCB,1,1000001
41,"start -> def place_buy_order -> Expr -> if not symbol or not isinstance(symbol, str) -> if price <= 0 -> if volume <= 0 -> if price > 1000000 -> if volume > 1000000 -> return",VNM,1,1000001
42,"start -> def place_buy_order -> Expr -> if not symbol or not isinstance(symbol, str) -> if price <= 0 -> if volume <= 0 -> if price > 1000000 -> return",VCB,1000001,1
43,"start -> def place_buy_order -> Expr -> if not symbol or not isinstance(symbol, str) -> if price <= 0 -> if volume <= 0 -> if price > 1000000 -> if volume > 1000000 -> return",VCB,1,1000001
44,"start -> def place_buy_order -> Expr -> if not symbol or not isinstance(symbol, str) -> if price <= 0 -> if volume <= 0 -> if price > 1000000 -> if volume > 1000000 -> return",VNM,1,1000001
45,"start -> def place_buy_order -> Expr -> if not symbol or not isinstance(symbol, str) -> if price <= 0 -> if volume <= 0 -> if price > 1000000 -> if volume > 1000000 -> return",FPT,1,1000001
46,"start -> def place_buy_order -> Expr -> if not symbol or not isinstance(symbol, str) -> if price <= 0 -> if volume <= 0 -> if price > 1000000 -> if volume > 1000000 -> return",VNM,1,1000001
47,"start -> def place_buy_order -> Expr -> if not symbol or not isinstance(symbol, str) -> return",FPT,100,10
48,"start -> def place_buy_order -> Expr -> if not symbol or not isinstance(symbol, str) -> if price <= 0 -> return",VIC,0,0
49,"start -> def place_buy_order -> Expr -> if not symbol or not isinstance(symbol, str) -> if price <= 0 -> if volume <= 0 -> return",VIC,1,0
50,"start -> def place_buy_order -> Expr -> if not symbol or not isinstance(symbol, str) -> if price <= 0 -> if volume <= 0 -> if price > 1000000 -> return",VNM,1000001,1
51,"start -> def place_buy_order -> Expr -> if not symbol or not isinstance(symbol, str) -> if price <= 0 -> if volume <= 0 -> if price > 1000000 -> if volume > 1000000 -> return",VCB,1,1000001
52,"start -> def place_buy_order -> Expr -> if not symbol or not isinstance(symbol, str) -> if price <= 0 -> if volume <= 0 -> if price > 1000000 -> if volume > 1000000 -> return",FPT,1,1000001
53,"start -> def place_buy_order -> Expr -> if not symbol or not isinstance(symbol, str) -> if price <= 0 -> if volume <= 0 -> if price > 1000000 -> if volume > 1000000 -> return",VCB,1,1000001
54,"start -> def place_buy_order -> Expr -> if not symbol or not isinstance(symbol, str) -> if price <= 0 -> if volume <= 0 -> if price > 1000000 -> if volume > 1000000 -> return",FPT,1,1000001
55,"start -> def place_buy_order -> Expr -> if not symbol or not isinstance(symbol, str) -> if price <= 0 -> if volume <= 0 -> if price > 1000000 -> return",VCB,1000001,1
56,"start -> def place_buy_order -> Expr -> if not symbol or not isinstance(symbol, str) -> if price <= 0 -> if volume <= 0 -> if price > 1000000 -> if volume > 1000000 -> return",VCB,1,1000001
57,"start -> def place_buy_order -> Expr -> if not symbol or not isinstance(symbol, str) -> if price <= 0 -> if volume <= 0 -> if price > 1000000 -> if volume > 1000000 -> return",VNM,1,1000001
58,"start -> def place_buy_order -> Expr -> if not symbol or not isinstance(symbol, str) -> if price <= 0 -> if volume <= 0 -> if price > 1000000 -> if volume > 1000000 -> return",VCB,1,1000001
59,"start -> def place_buy_order -> Expr -> if not symbol or not isinstance(symbol, str) -> if price <= 0 -> if volume <= 0 -> if price > 1000000 -> if volume > 1000000 -> return",VNM,1,1000001
60,"start -> def place_buy_order -> Expr -> if not symbol or not isinstance(symbol, str) -> if price <= 0 -> if volume <= 0 -> return",VNM,1,0
61,"start -> def place_buy_order -> Expr -> if not symbol or not isinstance(symbol, str) -> if price <= 0 -> if volume <= 0 -> if price > 1000000 -> return",VCB,1000001,1
62,"start -> def place_buy_order -> Expr -> if not symbol or not isinstance(symbol, str) -> if price <= 0 -> if volume <= 0 -> if price > 1000000 -> if volume > 1000000 -> return",VCB,1,1000001
63,"start -> def place_buy_order -> Expr -> if not symbol or not isinstance(symbol, str) -> if price <= 0 -> if volume <= 0 -> if price > 1000000 -> if volume > 1000000 -> return",FPT,1,1000001
64,"start -> def place_buy_order -> Expr -> if not symbol or not isinstance(symbol, str) -> if price <= 0 -> if volume <= 0 -> if price > 1000000 -> if volume > 1000000 -> return",FPT,1,1000001
65,"start -> def place_buy_order -> Expr -> if not symbol or not isinstance(symbol, str) -> if price <= 0 -> if volume <= 0 -> if price > 1000000 -> if volume > 1000000 -> return",VCB,1,1000001
66,"start -> def place_buy_order -> Expr -> if not symbol or not isinstance(symbol, str) -> if price <= 0 -> if volume <= 0 -> if price > 1000000 -> return",VNM,1000001,1
67,"start -> def place_buy_order -> Expr -> if not symbol or not isinstance(symbol, str) -> if price <= 0 -> if volume <= 0 -> if price > 1000000 -> if volume > 1000000 -> return",VNM,1,1000001
68,"start -> def place_buy_order -> Expr -> if not symbol or not isinstance(symbol, str) -> if price <= 0 -> if volume <= 0 -> if price > 1000000 -> if volume > 1000000 -> return",VNM,1,1000001
69,"start -> def place_buy_order -> Expr -> if not symbol or not isinstance(symbol, str) -> if price <= 0 -> if volume <= 0 -> if price > 1000000 -> if volume > 1000000 -> return",FPT,1,1000001
70,"start -> def place_buy_order -> Expr -> if not symbol or not isinstance(symbol, str) -> if price <= 0 -> if volume <= 0 -> if price > 1000000 -> if volume > 1000000 -> return",VIC,1,1000001
71,"start -> def place_buy_order -> Expr -> if not symbol or not isinstance(symbol, str) -> if price <= 0 -> return",VCB,0,0
72,"start -> def place_buy_order -> Expr -> if not symbol or not isinstance(symbol, str) -> if price <= 0 -> if volume <= 0 -> return",VNM,1,0
73,"start -> def place_buy_order -> Expr -> if not symbol or not isinstance(symbol, str) -> if price <= 0 -> if volume <= 0 -> if price > 1000000 -> return",VNM,1000001,1
74,"start -> def place_buy_order -> Expr -> if not symbol or not isinstance(symbol, str) -> if price <= 0 -> if volume <= 0 -> if price > 1000000 -> if volume > 1000000 -> return",VIC,1,1000001
75,"start -> def place_buy_order -> Expr -> if not symbol or not isinstance(symbol, str) -> if price <= 0 -> if volume <= 0 -> if price > 1000000 -> if volume > 1000000 -> return",FPT,1,1000001
76,"start -> def place_buy_order -> Expr -> if not symbol or not isinstance(symbol, str) -> if price <= 0 -> if volume <= 0 -> if price > 1000000 -> if volume > 1000000 -> return",VCB,1,1000001
77,"start -> def place_buy_order -> Expr -> if not symbol or not isinstance(symbol, str) -> if price <= 0 -> if volume <= 0 -> if price > 1000000 -> if volume > 1000000 -> return",FPT,1,1000001
78,"start -> def place_buy_order -> Expr -> if not symbol or not isinstance(symbol, str) -> if price <= 0 -> if volume <= 0 -> if price > 1000000 -> return",VCB,1000001,1
79,"start -> def place_buy_order -> Expr -> if not symbol or not isinstance(symbol, str) -> if price <= 0 -> if volume <= 0 -> if price > 1000000 -> if volume > 1000000 -> return",FPT,1,1000001
80,"start -> def place_buy_order -> Expr -> if not symbol or not isinstance(symbol, str) -> if price <= 0 -> if volume <= 0 -> if price > 1000000 -> if volume > 1000000 -> return",VNM,1,1000001
81,"start -> def place_buy_order -> Expr -> if not symbol or not isinstance(symbol, str) -> if price <= 0 -> if volume <= 0 -> if price > 1000000 -> if volume > 1000000 -> return",VCB,1,1000001
82,"start -> def place_buy_order -> Expr -> if not symbol or not isinstance(symbol, str) -> if price <= 0 -> if volume <= 0 -> if price > 1000000 -> if volume > 1000000 -> return",FPT,1,1000001
83,"start -> def place_buy_order -> Expr -> if not symbol or not isinstance(symbol, str) -> if price <= 0 -> if volume <= 0 -> return",FPT,1,0
84,"start -> def place_buy_order -> Expr -> if not symbol or not isinstance(symbol, str) -> if price <= 0 -> if volume <= 0 -> if price > 1000000 -> return",VCB,1000001,1
85,"start -> def place_buy_order -> Expr -> if not symbol or not isinstance(symbol, str) -> if price <= 0 -> if volume <= 0 -> if price > 1000000 -> if volume > 1000000 -> return",VNM,1,1000001
86,"start -> def place_buy_order -> Expr -> if not symbol or not isinstance(symbol, str) -> if price <= 0 -> if volume <= 0 -> if price > 1000000 -> if volume > 1000000 -> return",VNM,1,1000001
87,"start -> def place_buy_order -> Expr -> if not symbol or not isinstance(symbol, str) -> if price <= 0 -> if volume <= 0 -> if price > 1000000 -> if volume > 1000000 -> return",FPT,1,1000001
88,"start -> def place_buy_order -> Expr -> if not symbol or not isinstance(symbol, str) -> if price <= 0 -> if volume <= 0 -> if price > 1000000 -> if volume > 1000000 -> return",VIC,1,1000001
89,"start -> def place_buy_order -> Expr -> if not symbol or not isinstance(symbol, str) -> if price <= 0 -> if volume <= 0 -> if price > 1000000 -> return",VCB,1000001,1
90,"start -> def place_buy_order -> Expr -> if not symbol or not isinstance(symbol, str) -> if price <= 0 -> if volume <= 0 -> if price > 1000000 -> if volume > 1000000 -> return",VIC,1,1000001
91,"start -> def place_buy_order -> Expr -> if not symbol or not isinstance(symbol, str) -> if price <= 0 -> if volume <= 0 -> if price > 1000000 -> if volume > 1000000 -> return",FPT,1,1000001
92,"start -> def place_buy_order -> Expr -> if not symbol or not isinstance(symbol, str) -> if price <= 0 -> if volume <= 0 -> if price > 1000000 -> if volume > 1000000 -> return",VCB,1,1000001
93,"start -> def place_buy_order -> Expr -> if not symbol or not isinstance(symbol, str) -> if price <= 0 -> if volume <= 0 -> if price > 1000000 -> if volume > 1000000 -> return",FPT,1,1000001
94,"start -> def place_buy_order -> Expr -> if not symbol or not isinstance(symbol, str) -> return",FPT,100,10
95,"start -> def place_buy_order -> Expr -> if not symbol or not isinstance(symbol, str) -> if price <= 0 -> return",VCB,0,0
96,"start -> def place_buy_order -> Expr -> if not symbol or not isinstance(symbol, str) -> if price <= 0 -> if volume <= 0 -> return",VNM,1,0
97,"start -> def place_buy_order -> Expr -> if not symbol or not isinstance(symbol, str) -> if price <= 0 -> if volume <= 0 -> if price > 1000000 -> return",FPT,1000001,1
98,"start -> def place_buy_order -> Expr -> if not symbol or not isinstance(symbol, str) -> if price <= 0 -> if volume <= 0 -> if price > 1000000 -> if volume > 1000000 -> return",FPT,1,1000001
99,"start -> def place_buy_order -> Expr -> if not symbol or not isinstance(symbol, str) -> if price <= 0 -> if volume <= 0 -> if price > 1000000 -> if volume > 1000000 -> return",VCB,1,1000001
100,"start -> def place_buy_order -> Expr -> if not symbol or not isinstance(symbol, str) -> if price <= 0 -> if volume <= 0 -> if price > 1000000 -> if volume > 1000000 -> return",VCB,1,1000001
101,"start -> def place_buy_order -> Expr -> if not symbol or not isinstance(symbol, str) -> if price <= 0 -> if volume <= 0 -> if price > 1000000 -> if volume > 1000000 -> return",FPT,1,1000001
102,"start -> def place_buy_order -> Expr -> if not symbol or not isinstance(symbol, str) -> if price <= 0 -> if volume <= 0 -> if price > 1000000 -> return",VCB,1000001,1
103,"start -> def place_buy_order -> Expr -> if not symbol or not isinstance(symbol, str) -> if price <= 0 -> if volume <= 0 -> if price > 1000000 -> if volume > 1000000 -> return",VCB,1,1000001
104,"start -> def place_buy_order -> Expr -> if not symbol or not isinstance(symbol, str) -> if price <= 0 -> if volume <= 0 -> if price > 1000000 -> if volume > 1000000 -> return",VIC,1,1000001
105,"start -> def place_buy_order -> Expr -> if not symbol or not isinstance(symbol, str) -> if price <= 0 -> if volume <= 0 -> if price > 1000000 -> if volume > 1000000 -> return",VNM,1,1000001
106,"start -> def place_buy_order -> Expr -> if not symbol or not isinstance(symbol, str) -> if price <= 0 -> if volume <= 0 -> if price > 1000000 -> if volume > 1000000 -> return",VNM,1,1000001
107,"start -> def place_buy_order -> Expr -> if not symbol or not isinstance(symbol, str) -> if price <= 0 -> if volume <= 0 -> return",FPT,1,0
108,"start -> def place_buy_order -> Expr -> if not symbol or not isinstance(symbol, str) -> if price <= 0 -> if volume <= 0 -> if price > 1000000 -> return",VCB,1000001,1
109,"start -> def place_buy_order -> Expr -> if not symbol or not isinstance(symbol, str) -> if price <= 0 -> if volume <= 0 -> if price > 1000000 -> if volume > 1000000 -> return",FPT,1,1000001
110,"start -> def place_buy_order -> Expr -> if not symbol or not isinstance(symbol, str) -> if price <= 0 -> if volume <= 0 -> if price > 1000000 -> if volume > 1000000 -> return",VCB,1,1000001
111,"start -> def place_buy_order -> Expr -> if not symbol or not isinstance(symbol, str) -> if price <= 0 -> if volume <= 0 -> if price > 1000000 -> if volume > 1000000 -> return",FPT,1,1000001
112,"start -> def place_buy_order -> Expr -> if not symbol or not isinstance(symbol, str) -> if price <= 0 -> if volume <= 0 -> if price > 1000000 -> if volume > 1000000 -> return",VCB,1,1000001
113,"start -> def place_buy_order -> Expr -> if not symbol or not isinstance(symbol, str) -> if price <= 0 -> if volume <= 0 -> if price > 1000000 -> return",VCB,1000001,1
114,"start -> def place_buy_order -> Expr -> if not symbol or not isinstance(symbol, str) -> if price <= 0 -> if volume <= 0 -> if price > 1000000 -> if volume > 1000000 -> return",FPT,1,1000001
115,"start -> def place_buy_order -> Expr -> if not symbol or not isinstance(symbol, str) -> if price <= 0 -> if volume <= 0 -> if price > 1000000 -> if volume > 1000000 -> return",VIC,1,1000001
116,"start -> def place_buy_order -> Expr -> if not symbol or not isinstance(symbol, str) -> if price <= 0 -> if volume <= 0 -> if price > 1000000 -> if volume > 1000000 -> return",VNM,1,1000001
117,"start -> def place_buy_order -> Expr -> if not symbol or not isinstance(symbol, str) -> if price <= 0 -> if volume <= 0 -> if price > 1000000 -> if volume > 1000000 -> return",VCB,1,1000001
118,"start -> def place_buy_order -> Expr -> if not symbol or not isinstance(symbol, str) -> if price <= 0 -> return",VNM,0,0
119,"start -> def place_buy_order -> Expr -> if not symbol or not isinstance(symbol, str) -> if price <= 0 -> if volume <= 0 -> return",VCB,1,0
120,"start -> def place_buy_order -> Expr -> if not symbol or not isinstance(symbol, str) -> if price <= 0 -> if volume <= 0 -> if price > 1000000 -> return",FPT,1000001,1
121,"start -> def place_buy_order -> Expr -> if not symbol or not isinstance(symbol, str) -> if price <= 0 -> if volume <= 0 -> if price > 1000000 -> if volume > 1000000 -> return",VIC,1,1000001
122,"start -> def place_buy_order -> Expr -> if not symbol or not isinstance(symbol, str) -> if price <= 0 -> if volume <= 0 -> if price > 1000000 -> if volume > 1000000 -> return",VNM,1,1000001
123,"start -> def place_buy_order -> Expr -> if not symbol or not isinstance(symbol, str) -> if price <= 0 -> if volume <= 0 -> if price > 1000000 -> if volume > 1000000 -> return",FPT,1,1000001
124,"start -> def place_buy_order -> Expr -> if not symbol or not isinstance(symbol, str) -> if price <= 0 -> if volume <= 0 -> if price > 1000000 -> if volume > 1000000 -> return",FPT,1,1000001
125,"start -> def place_buy_order -> Expr -> if not symbol or not isinstance(symbol, str) -> if price <= 0 -> if volume <= 0 -> if price > 1000000 -> return",FPT,1000001,1
126,"start -> def place_buy_order -> Expr -> if not symbol or not isinstance(symbol, str) -> if price <= 0 -> if volume <= 0 -> if price > 1000000 -> if volume > 1000000 -> return",VNM,1,1000001
127,"start -> def place_buy_order -> Expr -> if not symbol or not isinstance(symbol, str) -> if price <= 0 -> if volume <= 0 -> if price > 1000000 -> if volume > 1000000 -> return",VNM,1,1000001
128,"start -> def place_buy_order -> Expr -> if not symbol or not isinstance(symbol, str) -> if price <= 0 -> if volume <= 0 -> if price > 1000000 -> if volume > 1000000 -> return",VNM,1,1000001
129,"start -> def place_buy_order -> Expr -> if not symbol or not isinstance(symbol, str) -> if price <= 0 -> if volume <= 0 -> if price > 1000000 -> if volume > 1000000 -> return",VNM,1,1000001
130,"start -> def place_buy_order -> Expr -> if not symbol or not isinstance(symbol, str) -> if price <= 0 -> if volume <= 0 -> return",FPT,1,0
131,"start -> def place_buy_order -> Expr -> if not symbol or not isinstance(symbol, str) -> if price <= 0 -> if volume <= 0 -> if price > 1000000 -> return",FPT,1000001,1
132,"start -> def place_buy_order -> Expr -> if not symbol or not isinstance(symbol, str) -> if price <= 0 -> if volume <= 0 -> if price > 1000000 -> if volume > 1000000 -> return",VIC,1,1000001
133,"start -> def place_buy_order -> Expr -> if not symbol or not isinstance(symbol, str) -> if price <= 0 -> if volume <= 0 -> if price > 1000000 -> if volume > 1000000 -> return",VNM,1,1000001
134,"start -> def place_buy_order -> Expr -> if not symbol or not isinstance(symbol, str) -> if price <= 0 -> if volume <= 0 -> if price > 1000000 -> if volume > 1000000 -> return",VIC,1,1000001
135,"start -> def place_buy_order -> Expr -> if not symbol or not isinstance(symbol, str) -> if price <= 0 -> if volume <= 0 -> if price > 1000000 -> if volume > 1000000 -> return",FPT,1,1000001
136,"start -> def place_buy_order -> Expr -> if not symbol or not isinstance(symbol, str) -> if price <= 0 -> if volume <= 0 -> if price > 1000000 -> return",VCB,1000001,1
137,"start -> def place_buy_order -> Expr -> if not symbol or not isinstance(symbol, str) -> if price <= 0 -> if volume <= 0 -> if price > 1000000 -> if volume > 1000000 -> return",VIC,1,1000001
138,"start -> def place_buy_order -> Expr -> if not symbol or not isinstance(symbol, str) -> if price <= 0 -> if volume <= 0 -> if price > 1000000 -> if volume > 1000000 -> return",FPT,1,1000001
139,"start -> def place_buy_order -> Expr -> if not symbol or not isinstance(symbol, str) -> if price <= 0 -> if volume <= 0 -> if price > 1000000 -> if volume > 1000000 -> return",FPT,1,1000001
140,"start -> def place_buy_order -> Expr -> if not symbol or not isinstance(symbol, str) -> if price <= 0 -> if volume <= 0 -> if price > 1000000 -> if volume > 1000000 -> return",VCB,1,1000001
141,"start -> def place_buy_order -> Expr -> if not symbol or not isinstance(symbol, str) -> return",FPT,100,10
142,"start -> def place_buy_order -> Expr -> if not symbol or not isinstance(symbol, str) -> if price <= 0 -> return",FPT,0,0
143,"start -> def place_buy_order -> Expr -> if not symbol or not isinstance(symbol, str) -> if price <= 0 -> if volume <= 0 -> return",VNM,1,0
144,"start -> def place_buy_order -> Expr -> if not symbol or not isinstance(symbol, str) -> if price <= 0 -> if volume <= 0 -> if price > 1000000 -> return",VCB,1000001,1
145,"start -> def place_buy_order -> Expr -> if not symbol or not isinstance(symbol, str) -> if price <= 0 -> if volume <= 0 -> if price > 1000000 -> if volume > 1000000 -> return",FPT,1,1000001
146,"start -> def place_buy_order -> Expr -> if not symbol or not isinstance(symbol, str) -> if price <= 0 -> if volume <= 0 -> if price > 1000000 -> if volume > 1000000 -> return",VCB,1,1000001
147,"start -> def place_buy_order -> Expr -> if not symbol or not isinstance(symbol, str) -> if price <= 0 -> if volume <= 0 -> if price > 1000000 -> if volume > 1000000 -> return",VNM,1,1000001
148,"start -> def place_buy_order -> Expr -> if not symbol or not isinstance(symbol, str) -> if price <= 0 -> if volume <= 0 -> if price > 1000000 -> if volume > 1000000 -> return",VCB,1,1000001
149,"start -> def place_buy_order -> Expr -> if not symbol or not isinstance(symbol, str) -> if price <= 0 -> if volume <= 0 -> if price > 1000000 -> return",VCB,1000001,1
150,"start -> def place_buy_order -> Expr -> if not symbol or not isinstance(symbol, str) -> if price <= 0 -> if volume <= 0 -> if price > 1000000 -> if volume > 1000000 -> return",FPT,1,1000001
151,"start -> def place_buy_order -> Expr -> if not symbol or not isinstance(symbol, str) -> if price <= 0 -> if volume <= 0 -> if price > 1000000 -> if volume > 1000000 -> return",VCB,1,1000001
152,"start -> def place_buy_order -> Expr -> if not symbol or not isinstance(symbol, str) -> if price <= 0 -> if volume <= 0 -> if price > 1000000 -> if volume > 1000000 -> return",VNM,1,1000001
153,"start -> def place_buy_order -> Expr -> if not symbol or not isinstance(symbol, str) -> if price <= 0 -> if volume <= 0 -> if price > 1000000 -> if volume > 1000000 -> return",VNM,1,1000001
154,"start -> def place_buy_order -> Expr -> if not symbol or not isinstance(symbol, str) -> if price <= 0 -> if volume <= 0 -> return",VCB,1,0
155,"start -> def place_buy_order -> Expr -> if not symbol or not isinstance(symbol, str) -> if price <= 0 -> if volume <= 0 -> if price > 1000000 -> return",FPT,1000001,1
156,"start -> def place_buy_order -> Expr -> if not symbol or not isinstance(symbol, str) -> if price <= 0 -> if volume <= 0 -> if price > 1000000 -> if volume > 1000000 -> return",VCB,1,1000001
157,"start -> def place_buy_order -> Expr -> if not symbol or not isinstance(symbol, str) -> if price <= 0 -> if volume <= 0 -> if price > 1000000 -> if volume > 1000000 -> return",VCB,1,1000001
158,"start -> def place_buy_order -> Expr -> if not symbol or not isinstance(symbol, str) -> if price <= 0 -> if volume <= 0 -> if price > 1000000 -> if volume > 1000000 -> return",VNM,1,1000001
159,"start -> def place_buy_order -> Expr -> if not symbol or not isinstance(symbol, str) -> if price <= 0 -> if volume <= 0 -> if price > 1000000 -> if volume > 1000000 -> return",VNM,1,1000001
160,"start -> def place_buy_order -> Expr -> if not symbol or not isinstance(symbol, str) -> if price <= 0 -> if volume <= 0 -> if price > 1000000 -> return",VCB,1000001,1
161,"start -> def place_buy_order -> Expr -> if not symbol or not isinstance(symbol, str) -> if price <= 0 -> if volume <= 0 -> if price > 1000000 -> if volume > 1000000 -> return",VIC,1,1000001
162,"start -> def place_buy_order -> Expr -> if not symbol or not isinstance(symbol, str) -> if price <= 0 -> if volume <= 0 -> if price > 1000000 -> if volume > 1000000 -> return",FPT,1,1000001
163,"start -> def place_buy_order -> Expr -> if not symbol or not isinstance(symbol, str) -> if price <= 0 -> if volume <= 0 -> if price > 1000000 -> if volume > 1000000 -> return",VIC,1,1000001
164,"start -> def place_buy_order -> Expr -> if not symbol or not isinstance(symbol, str) -> if price <= 0 -> if volume <= 0 -> if price > 1000000 -> if volume > 1000000 -> return",FPT,1,1000001
165,"start -> def place_buy_order -> Expr -> if not symbol or not isinstance(symbol, str) -> if price <= 0 -> return",FPT,0,0
166,"start -> def place_buy_order -> Expr -> if not symbol or not isinstance(symbol, str) -> if price <= 0 -> if volume <= 0 -> return",FPT,1,0
167,"start -> def place_buy_order -> Expr -> if not symbol or not isinstance(symbol, str) -> if price <= 0 -> if volume <= 0 -> if price > 1000000 -> return",FPT,1000001,1
168,"start -> def place_buy_order -> Expr -> if not symbol or not isinstance(symbol, str) -> if price <= 0 -> if volume <= 0 -> if price > 1000000 -> if volume > 1000000 -> return",FPT,1,1000001
169,"start -> def place_buy_order -> Expr -> if not symbol or not isinstance(symbol, str) -> if price <= 0 -> if volume <= 0 -> if price > 1000000 -> if volume > 1000000 -> return",VCB,1,1000001
170,"start -> def place_buy_order -> Expr -> if not symbol or not isinstance(symbol, str) -> if price <= 0 -> if volume <= 0 -> if price > 1000000 -> if volume > 1000000 -> return",VNM,1,1000001
171,"start -> def place_buy_order -> Expr -> if not symbol or not isinstance(symbol, str) -> if price <= 0 -> if volume <= 0 -> if price > 1000000 -> if volume > 1000000 -> return",VCB,1,1000001
172,"start -> def place_buy_order -> Expr -> if not symbol or not isinstance(symbol, str) -> if price <= 0 -> if volume <= 0 -> if price > 1000000 -> return",VIC,1000001,1
173,"start -> def place_buy_order -> Expr -> if not symbol or not isinstance(symbol, str) -> if price <= 0 -> if volume <= 0 -> if price > 1000000 -> if volume > 1000000 -> return",VCB,1,1000001
174,"start -> def place_buy_order -> Expr -> if not symbol or not isinstance(symbol, str) -> if price <= 0 -> if volume <= 0 -> if price > 1000000 -> if volume > 1000000 -> return",VNM,1,1000001
175,"start -> def place_buy_order -> Expr -> if not symbol or not isinstance(symbol, str) -> if price <= 0 -> if volume <= 0 -> if price > 1000000 -> if volume > 1000000 -> return",FPT,1,1000001
176,"start -> def place_buy_order -> Expr -> if not symbol or not isinstance(symbol, str) -> if price <= 0 -> if volume <= 0 -> if price > 1000000 -> if volume > 1000000 -> return",VCB,1,1000001
177,"start -> def place_buy_order -> Expr -> if not symbol or not isinstance(symbol, str) -> if price <= 0 -> if volume <= 0 -> return",FPT,1,0
178,"start -> def place_buy_order -> Expr -> if not symbol or not isinstance(symbol, str) -> if price <= 0 -> if volume <= 0 -> if price > 1000000 -> return",FPT,1000001,1
179,"start -> def place_buy_order -> Expr -> if not symbol or not isinstance(symbol, str) -> if price <= 0 -> if volume <= 0 -> if price > 1000000 -> if volume > 1000000 -> return",VCB,1,1000001
180,"start -> def place_buy_order -> Expr -> if not symbol or not isinstance(symbol, str) -> if price <= 0 -> if volume <= 0 -> if price > 1000000 -> if volume > 1000000 -> return",VNM,1,1000001
181,"start -> def place_buy_order -> Expr -> if not symbol or not isinstance(symbol, str) -> if price <= 0 -> if volume <= 0 -> if price > 1000000 -> if volume > 1000000 -> return",FPT,1,1000001
182,"start -> def place_buy_order -> Expr -> if not symbol or not isinstance(symbol, str) -> if price <= 0 -> if volume <= 0 -> if price > 1000000 -> if volume > 1000000 -> return",VCB,1,1000001
183,"start -> def place_buy_order -> Expr -> if not symbol or not isinstance(symbol, str) -> if price <= 0 -> if volume <= 0 -> if price > 1000000 -> return",VNM,1000001,1
184,"start -> def place_buy_order -> Expr -> if not symbol or not isinstance(symbol, str) -> if price <= 0 -> if volume <= 0 -> if price > 1000000 -> if volume > 1000000 -> return",FPT,1,1000001
185,"start -> def place_buy_order -> Expr -> if not symbol or not isinstance(symbol, str) -> if price <= 0 -> if volume <= 0 -> if price > 1000000 -> if volume > 1000000 -> return",FPT,1,1000001
186,"start -> def place_buy_order -> Expr -> if not symbol or not isinstance(symbol, str) -> if price <= 0 -> if volume <= 0 -> if price > 1000000 -> if volume > 1000000 -> return",VCB,1,1000001
187,"start -> def place_buy_order -> Expr -> if not symbol or not isinstance(symbol, str) -> if price <= 0 -> if volume <= 0 -> if price > 1000000 -> if volume > 1000000 -> return",VCB,1,1000001
